1,Dec 22 2020,BRK,125,GSW,99
2,Dec 22 2020,LAL,109,LAC,116
3,Dec 23 2020,CLE,121,CHO,114
4,Dec 23 2020,IND,121,NYK,107
5,Dec 23 2020,ORL,113,MIA,107
6,Dec 23 2020,PHI,113,WAS,107
7,Dec 23 2020,TOR,99,NOP,113
8,Dec 23 2020,BOS,122,MIL,121
9,Dec 23 2020,CHI,104,ATL,124
10,Dec 23 2020,MEM,119,SAS,131
11,Dec 23 2020,MIN,111,DET,101
12,Dec 23 2020,DEN,122,SAC,124
13,Dec 23 2020,DEN,100,UTA,120
14,Dec 23 2020,PHO,106,DAL,102
15,Dec 25 2020,MIA,111,NOP,98
16,Dec 25 2020,MIL,138,GSW,99
17,Dec 25 2020,BOS,95,BRK,123
18,Dec 25 2020,LAL,138,DAL,115
19,Dec 25 2020,DEN,108,LAC,121
20,Dec 26 2020,MEM,112,ATL,122
21,Dec 26 2020,CHO,107,OKC,109
22,Dec 26 2020,DET,119,CLE,128
23,Dec 26 2020,WAS,120,ORL,130
24,Dec 26 2020,NYK,89,PHI,109
25,Dec 26 2020,CHI,106,IND,125
26,Dec 26 2020,SAS,119,TOR,114
27,Dec 26 2020,UTA,111,MIN,116
28,Dec 26 2020,UTA,128,HOU,126
29,Dec 26 2020,SAC,106,PHO,103
30,Dec 27 2020,LAC,73,DAL,124
31,Dec 27 2020,NOP,98,SAS,95
32,Dec 27 2020,WAS,113,ORL,120
33,Dec 27 2020,CHO,106,BRK,104
34,Dec 27 2020,CLE,118,PHI,94
35,Dec 27 2020,NYK,130,MIL,110
36,Dec 27 2020,IND,108,BOS,107
37,Dec 27 2020,CHI,128,GSW,129
38,Dec 27 2020,SAC,100,PHO,116
39,Dec 27 2020,LAL,127,MIN,91
40,Dec 28 2020,BRK,111,MEM,116
41,Dec 28 2020,ATL,128,DET,120
42,Dec 28 2020,OKC,109,UTA,110
43,Dec 28 2020,DEN,124,HOU,111
44,Dec 28 2020,LAL,107,HOU,115
45,Dec 29 2020,CLE,86,NYK,95
46,Dec 29 2020,DET,106,GSW,116
47,Dec 29 2020,IND,111,BOS,116
48,Dec 29 2020,WAS,107,CHI,115
49,Dec 29 2020,PHI,100,TOR,93
50,Dec 29 2020,MIA,97,MIL,144
51,Dec 29 2020,OKC,107,ORL,118
52,Dec 29 2020,PHO,111,NOP,86
53,Dec 29 2020,SAC,125,DEN,115
54,Dec 29 2020,LAC,124,MIN,101
55,Dec 30 2020,MIA,119,MIL,108
56,Dec 30 2020,BRK,145,ATL,141
57,Dec 30 2020,BOS,126,MEM,107
58,Dec 30 2020,DAL,99,CHO,118
59,Dec 30 2020,SAS,107,LAL,121
60,Dec 30 2020,LAC,128,LAL,105
61,Dec 31 2020,IND,119,CLE,99
62,Dec 31 2020,WAS,130,CHI,133
63,Dec 31 2020,ORL,92,PHI,116
64,Dec 31 2020,HOU,122,SAC,119
65,Dec 31 2020,TOR,100,NYK,83
66,Dec 31 2020,OKC,80,NOP,113
67,Dec 31 2020,UTA,95,PHO,106
68,Jan 1 2021,CHO,93,MEM,108
69,Jan 1 2021,DAL,93,MIA,83
70,Jan 1 2021,DET,96,BOS,93
71,Jan 1 2021,BRK,96,ATL,114
72,Jan 1 2021,MIL,126,CHI,96
73,Jan 1 2021,MIN,109,WAS,130
74,Jan 1 2021,SAS,103,LAL,109
75,Jan 1 2021,DEN,103,PHO,106
76,Jan 1 2021,UTA,106,LAC,100
77,Jan 1 2021,GSW,98,LAC,123
78,Jan 2 2021,HOU,102,SAC,94
79,Jan 2 2021,IND,102,NYK,106
80,Jan 2 2021,ORL,99,OKC,108
81,Jan 2 2021,PHI,127,CHO,112
82,Jan 2 2021,ATL,91,CLE,96
83,Jan 2 2021,NOP,120,TOR,116
84,Jan 3 2021,DET,120,BOS,122
85,Jan 3 2021,BRK,122,WAS,123
86,Jan 3 2021,MEM,94,LAL,108
87,Jan 3 2021,MIN,109,DEN,124
88,Jan 3 2021,SAS,109,UTA,130
89,Jan 3 2021,CHI,118,DAL,108
90,Jan 3 2021,PHO,107,LAC,112
91,Jan 3 2021,GSW,137,LAC,122
92,Jan 4 2021,ORL,103,CLE,83
93,Jan 4 2021,PHI,118,CHO,101
94,Jan 4 2021,ATL,108,NYK,113
95,Jan 4 2021,MIA,118,OKC,90
96,Jan 4 2021,TOR,114,BOS,126
97,Jan 4 2021,HOU,100,DAL,113
98,Jan 4 2021,MIL,125,DET,115
99,Jan 4 2021,NOP,116,IND,118
100,Jan 4 2021,GSW,137,SAC,106
101,Jan 5 2021,BRK,130,UTA,96
102,Jan 5 2021,MEM,92,LAL,94
103,Jan 5 2021,DEN,123,MIN,116
104,Jan 5 2021,LAC,113,SAS,116
105,Jan 5 2021,LAC,108,CHI,111
106,Jan 6 2021,IND,114,HOU,107
107,Jan 6 2021,ORL,105,CLE,94
108,Jan 6 2021,PHI,141,WAS,136
109,Jan 6 2021,ATL,94,CHO,102
110,Jan 6 2021,MIA,105,BOS,107
111,Jan 6 2021,NYK,112,UTA,100
112,Jan 6 2021,MIL,130,DET,115
113,Jan 6 2021,NOP,110,OKC,111
114,Jan 6 2021,PHO,123,TOR,115
115,Jan 6 2021,GSW,101,LAC,108
116,Jan 6 2021,SAC,128,CHI,124
117,Jan 7 2021,BRK,122,PHI,109
118,Jan 7 2021,MEM,90,CLE,94
119,Jan 7 2021,DEN,117,DAL,124
120,Jan 7 2021,LAL,109,SAS,118
121,Jan 7 2021,LAL,135,MIN,117
122,Jan 8 2021,DET,110,PHO,105
123,Jan 8 2021,BOS,116,WAS,107
124,Jan 8 2021,NOP,110,CHO,118
125,Jan 8 2021,NYK,89,OKC,101
126,Jan 8 2021,HOU,132,ORL,90
127,Jan 8 2021,MEM,115,BRK,110
128,Jan 8 2021,MIL,118,UTA,131
129,Jan 8 2021,GSW,115,LAC,105
130,Jan 8 2021,LAL,117,CHI,115
131,Jan 8 2021,SAC,123,TOR,144
132,Jan 9 2021,PHI,103,DEN,115
133,Jan 9 2021,CHO,113,ATL,105
134,Jan 9 2021,IND,117,PHO,125
135,Jan 9 2021,WAS,124,MIA,128
136,Jan 9 2021,MIL,100,CLE,90
137,Jan 9 2021,MIN,122,SAS,125
138,Jan 9 2021,DAL,112,ORL,98
139,Jan 9 2021,SAC,99,ORL,125
140,Jan 10 2021,DET,86,UTA,96
141,Jan 10 2021,LAC,130,CHI,127
142,Jan 10 2021,BRK,116,OKC,129
143,Jan 10 2021,NYK,89,DEN,114
144,Jan 10 2021,HOU,102,LAL,120
145,Jan 10 2021,MIN,96,SAS,88
146,Jan 10 2021,GSW,106,TOR,105
147,Jan 11 2021,CHO,109,NYK,88
148,Jan 11 2021,CLE,91,MEM,101
149,Jan 11 2021,ORL,99,MIL,121
150,Jan 11 2021,WAS,128,PHO,107
151,Jan 11 2021,ATL,112,PHI,94
152,Jan 11 2021,ATL,112,TOR,111
153,Jan 11 2021,SAC,127,IND,122
154,Jan 12 2021,PHI,137,MIA,134
155,Jan 12 2021,BRK,122,DEN,116
156,Jan 12 2021,CLE,87,UTA,117
157,Jan 12 2021,HOU,100,LAL,117
158,Jan 12 2021,OKC,102,SAS,112
159,Jan 12 2021,GSW,95,IND,104
160,Jan 13 2021,CHO,93,DAL,104
161,Jan 13 2021,DET,101,MIL,110
162,Jan 13 2021,NYK,109,BRK,116
163,Jan 13 2021,MIN,107,MEM,118
164,Jan 13 2021,OKC,99,LAL,128
165,Jan 13 2021,LAC,111,NOP,106
166,Jan 13 2021,SAC,126,NOP,132
167,Jan 14 2021,PHI,125,MIA,108
168,Jan 14 2021,SAS,105,HOU,109
169,Jan 14 2021,TOR,111,CHO,108
170,Jan 14 2021,DEN,114,GSW,104
171,Jan 14 2021,DEN,87,IND,111
172,Jan 15 2021,BOS,124,ORL,97
173,Jan 15 2021,CLE,106,NYK,103
174,Jan 15 2021,MIL,112,DAL,109
175,Jan 15 2021,OKC,127,CHI,125
176,Jan 15 2021,UTA,116,ATL,92
177,Jan 15 2021,LAL,112,NOP,95
178,Jan 15 2021,SAC,100,LAC,138
179,Jan 16 2021,SAS,103,HOU,91
180,Jan 16 2021,BRK,122,ORL,115
181,Jan 16 2021,TOR,116,CHO,113
182,Jan 16 2021,MEM,106,PHI,104
183,Jan 16 2021,MIA,100,DET,120
184,Jan 16 2021,MIA,112,ATL,106
185,Jan 17 2021,BOS,75,NYK,105
186,Jan 17 2021,DAL,101,CHI,117
187,Jan 17 2021,DEN,105,UTA,109
188,Jan 17 2021,SAC,123,NOP,128
189,Jan 17 2021,LAC,129,IND,96
190,Jan 18 2021,NYK,91,ORL,84
191,Jan 18 2021,ATL,108,MIN,97
192,Jan 18 2021,ATL,104,SAS,125
193,Jan 18 2021,MEM,108,PHO,104
194,Jan 18 2021,BRK,125,MIL,123
195,Jan 18 2021,TOR,116,DAL,93
196,Jan 18 2021,CHI,125,HOU,120
197,Jan 18 2021,MIA,113,DET,107
198,Jan 18 2021,LAL,113,GSW,115
199,Jan 19 2021,DEN,119,OKC,101
200,Jan 19 2021,UTA,118,NOP,102
201,Jan 20 2021,CLE,147,BRK,135
202,Jan 20 2021,IND,112,DAL,124
203,Jan 20 2021,PHI,117,BOS,109
204,Jan 20 2021,ATL,123,DET,115
205,Jan 20 2021,TOR,102,MIA,111
206,Jan 20 2021,MIN,96,ORL,97
207,Jan 20 2021,HOU,103,PHO,109
208,Jan 20 2021,GSW,121,SAS,99
209,Jan 20 2021,LAC,115,SAC,96
210,Jan 21 2021,MIL,106,LAL,113
211,Jan 21 2021,GSW,104,NYK,119
212,Jan 21 2021,UTA,129,NOP,118
213,Jan 22 2021,CHO,110,CHI,123
214,Jan 22 2021,DET,102,HOU,103
215,Jan 22 2021,IND,120,ORL,118
216,Jan 22 2021,CLE,125,BRK,113
217,Jan 22 2021,PHI,122,BOS,110
218,Jan 22 2021,TOR,101,MIA,81
219,Jan 22 2021,MIN,98,ATL,116
220,Jan 22 2021,SAS,117,DAL,122
221,Jan 22 2021,LAC,120,OKC,106
222,Jan 22 2021,PHO,126,DEN,130
223,Jan 22 2021,SAC,103,NYK,94
224,Jan 23 2021,BRK,128,MIA,124
225,Jan 23 2021,DET,110,PHI,114
226,Jan 23 2021,MIN,120,NOP,110
227,Jan 23 2021,CHI,90,LAL,101
228,Jan 23 2021,DAL,108,HOU,133
229,Jan 23 2021,PHO,112,DEN,120
230,Jan 23 2021,UTA,127,GSW,108
231,Jan 24 2021,IND,102,TOR,107
232,Jan 24 2021,LAC,108,OKC,100
233,Jan 24 2021,BOS,141,CLE,103
234,Jan 24 2021,ORL,104,CHO,107
235,Jan 24 2021,MIL,129,ATL,115
236,Jan 24 2021,SAS,121,WAS,101
237,Jan 24 2021,SAS,116,NYK,113
238,Jan 25 2021,DET,119,PHI,104
239,Jan 25 2021,IND,129,TOR,114
240,Jan 25 2021,ORL,117,CHO,108
241,Jan 25 2021,BRK,98,MIA,85
242,Jan 25 2021,CLE,108,LAL,115
243,Jan 25 2021,DAL,113,DEN,117
244,Jan 25 2021,CHI,103,BOS,119
245,Jan 25 2021,GSW,130,MIN,108
246,Jan 25 2021,GSW,122,OKC,125
247,Jan 26 2021,ATL,108,LAC,99
248,Jan 26 2021,HOU,107,WAS,88
249,Jan 26 2021,UTA,108,NYK,94
250,Jan 27 2021,CHO,106,IND,116
251,Jan 27 2021,CLE,122,DET,107
252,Jan 27 2021,ORL,107,SAC,121
253,Jan 27 2021,ATL,128,BRK,132
254,Jan 27 2021,MIA,82,DEN,109
255,Jan 27 2021,PHI,107,LAL,106
256,Jan 27 2021,TOR,108,MIL,115
257,Jan 27 2021,SAS,110,BOS,106
258,Jan 27 2021,NOP,124,WAS,106
259,Jan 27 2021,PHO,97,OKC,102
260,Jan 27 2021,UTA,116,DAL,104
261,Jan 27 2021,GSW,123,MIN,111
262,Jan 28 2021,HOU,104,MIN,101
263,Jan 28 2021,DET,107,LAL,92
264,Jan 28 2021,MIA,105,LAC,109
265,Jan 28 2021,PHO,114,GSW,93
266,Jan 29 2021,CHO,108,IND,105
267,Jan 29 2021,WAS,100,ATL,116
268,Jan 29 2021,NOP,131,MIL,126
269,Jan 29 2021,NYK,102,CLE,81
270,Jan 29 2021,TOR,124,SAC,126
271,Jan 29 2021,MIN,94,PHI,118
272,Jan 29 2021,OKC,125,BRK,147
273,Jan 29 2021,ORL,90,LAC,116
274,Jan 29 2021,SAS,119,DEN,109
275,Jan 29 2021,UTA,120,DAL,101
276,Jan 30 2021,CHI,122,DAL,123
277,Jan 30 2021,CHO,126,MIL,114
278,Jan 30 2021,MIA,105,SAC,104
279,Jan 30 2021,NOP,112,HOU,126
280,Jan 30 2021,BOS,95,LAL,96
281,Jan 30 2021,SAS,112,MEM,129
282,Jan 30 2021,DAL,105,PHO,111
283,Jan 30 2021,GSW,118,DET,91
284,Jan 31 2021,NYK,115,LAC,129
285,Jan 31 2021,DEN,128,UTA,117
286,Jan 31 2021,IND,110,PHI,119
287,Jan 31 2021,TOR,115,ORL,102
288,Jan 31 2021,WAS,149,BRK,146
289,Jan 31 2021,MIN,109,CLE,104
290,Feb 1 2021,ATL,99,LAL,107
291,Feb 1 2021,MIA,121,CHO,129
292,Feb 1 2021,CHI,110,NYK,102
293,Feb 1 2021,CLE,100,MIN,98
294,Feb 1 2021,MIL,134,MIN,106
295,Feb 1 2021,NOP,109,SAC,118
296,Feb 1 2021,OKC,106,HOU,136
297,Feb 1 2021,DAL,108,PHO,109
298,Feb 1 2021,SAS,102,MEM,133
299,Feb 2 2021,ORL,108,TOR,123
300,Feb 2 2021,BRK,124,LAC,120
301,Feb 2 2021,IND,134,MEM,116
302,Feb 2 2021,WAS,121,MEM,132
303,Feb 2 2021,GSW,107,BOS,111
304,Feb 2 2021,UTA,117,DET,105
305,Feb 3 2021,CHO,111,PHI,118
306,Feb 3 2021,MIL,130,IND,110
307,Feb 3 2021,ATL,116,DAL,122
308,Feb 3 2021,CHI,103,NYK,107
309,Feb 3 2021,CLE,99,LAC,121
310,Feb 3 2021,MIA,100,WAS,103
311,Feb 3 2021,OKC,104,HOU,87
312,Feb 3 2021,SAS,111,MIN,108
313,Feb 3 2021,NOP,123,PHO,101
314,Feb 3 2021,SAC,116,BOS,111
315,Feb 4 2021,ATL,91,UTA,112
316,Feb 4 2021,DAL,116,GSW,147
317,Feb 4 2021,PHI,105,GSW,121
318,Feb 4 2021,MEM,103,HOU,115
319,Feb 4 2021,LAL,114,DEN,93
320,Feb 5 2021,IND,113,NOP,114
321,Feb 5 2021,ORL,123,CHI,119
322,Feb 5 2021,BRK,117,TOR,123
323,Feb 5 2021,CLE,105,MIL,123
324,Feb 5 2021,CHO,121,UTA,138
325,Feb 5 2021,MIA,122,WAS,95
326,Feb 5 2021,OKC,103,MIN,106
327,Feb 5 2021,PHO,109,DET,92
328,Feb 5 2021,LAC,115,BOS,119
329,Feb 6 2021,NYK,110,BOS,99
330,Feb 6 2021,SAC,119,DEN,114
331,Feb 6 2021,ORL,92,CHI,118
332,Feb 6 2021,ATL,132,TOR,121
333,Feb 6 2021,CLE,99,MIL,124
334,Feb 6 2021,HOU,106,SAS,111
335,Feb 6 2021,OKC,120,MIN,118
336,Feb 6 2021,PHI,124,BRK,108
337,Feb 6 2021,DAL,134,GSW,132
338,Feb 6 2021,NOP,118,MEM,109
339,Feb 6 2021,LAL,135,DET,129
340,Feb 7 2021,CHO,119,WAS,97
341,Feb 7 2021,IND,95,UTA,103
342,Feb 7 2021,NYK,103,MIA,109
343,Feb 7 2021,PHO,100,BOS,91
344,Feb 7 2021,LAC,110,SAC,113
345,Feb 8 2021,CHO,119,HOU,94
346,Feb 8 2021,CHI,101,WAS,105
347,Feb 8 2021,MEM,113,TOR,128
348,Feb 8 2021,DAL,127,MIN,122
349,Feb 8 2021,SAS,105,GSW,100
350,Feb 8 2021,PHO,119,CLE,113
351,Feb 8 2021,DEN,112,MIL,125
352,Feb 8 2021,LAL,119,OKC,112
353,Feb 9 2021,DET,122,BRK,111
354,Feb 9 2021,MIA,98,NYK,96
355,Feb 9 2021,NOP,130,HOU,101
356,Feb 9 2021,SAS,91,GSW,114
357,Feb 9 2021,SAS,106,ORL,97
358,Feb 9 2021,SAC,111,PHI,119
359,Feb 9 2021,UTA,122,BOS,108
360,Feb 10 2021,WAS,115,TOR,137
361,Feb 10 2021,DAL,118,ATL,117
362,Feb 10 2021,BRK,104,IND,94
363,Feb 10 2021,MEM,130,CHO,114
364,Feb 10 2021,MIN,112,LAC,119
365,Feb 10 2021,CHI,129,NOP,116
366,Feb 10 2021,DEN,133,CLE,95
367,Feb 10 2021,LAL,114,OKC,113
368,Feb 10 2021,PHO,125,MIL,124
369,Feb 11 2021,BOS,120,TOR,106
370,Feb 11 2021,HOU,94,MIA,101
371,Feb 11 2021,DET,95,IND,111
372,Feb 11 2021,GSW,111,ORL,105
373,Feb 11 2021,GSW,118,PHI,114
374,Feb 12 2021,CHO,120,MIN,114
375,Feb 12 2021,WAS,91,NYK,109
376,Feb 12 2021,ATL,114,SAS,125
377,Feb 12 2021,DAL,143,NOP,130
378,Feb 12 2021,BOS,102,DET,108
379,Feb 12 2021,CHI,106,LAC,125
380,Feb 12 2021,DEN,97,OKC,95
381,Feb 12 2021,UTA,129,MIL,115
382,Feb 12 2021,LAL,115,MEM,105
383,Feb 12 2021,LAL,129,CLE,110
384,Feb 12 2021,SAC,112,ORL,123
385,Feb 13 2021,PHO,120,PHI,111
386,Feb 13 2021,ATL,113,IND,125
387,Feb 13 2021,NYK,121,HOU,99
388,Feb 13 2021,GSW,117,BRK,134
389,Feb 13 2021,UTA,112,MIA,94
390,Feb 14 2021,WAS,104,BOS,91
391,Feb 14 2021,CHO,110,SAS,122
392,Feb 14 2021,DET,123,NOP,112
393,Feb 14 2021,TOR,112,MIN,116
394,Feb 14 2021,DAL,118,MIN,121
395,Feb 14 2021,OKC,114,MIL,109
396,Feb 14 2021,PHO,109,ORL,90
397,Feb 14 2021,DEN,122,LAL,105
398,Feb 14 2021,LAC,128,CLE,111
399,Feb 14 2021,SAC,110,MEM,124
400,Feb 15 2021,IND,112,CHI,120
401,Feb 15 2021,WAS,131,HOU,119
402,Feb 15 2021,NYK,123,ATL,112
403,Feb 15 2021,UTA,134,PHI,123
404,Feb 15 2021,GSW,129,CLE,98
405,Feb 15 2021,LAC,125,MIA,118
406,Feb 15 2021,SAC,125,BRK,136
407,Feb 16 2021,BOS,112,DEN,99
408,Feb 16 2021,MEM,113,NOP,144
409,Feb 16 2021,MIL,113,TOR,124
410,Feb 16 2021,MIN,104,LAL,112
411,Feb 16 2021,OKC,104,LAL,115
412,Feb 16 2021,PHO,124,BRK,128
413,Feb 17 2021,ORL,107,NYK,89
414,Feb 17 2021,BOS,114,ATL,122
415,Feb 17 2021,PHI,118,HOU,113
416,Feb 17 2021,CHI,105,DET,102
417,Feb 17 2021,MIN,128,IND,134
418,Feb 17 2021,WAS,130,DEN,128
419,Feb 17 2021,MEM,122,OKC,113
420,Feb 17 2021,NOP,124,OKC,126
421,Feb 17 2021,GSW,120,MIA,112
422,Feb 17 2021,LAC,96,UTA,114
423,Feb 18 2021,MIL,96,TOR,110
424,Feb 18 2021,LAL,98,BRK,109
425,Feb 18 2021,SAC,110,MIA,118
426,Feb 19 2021,CLE,103,DEN,120
427,Feb 19 2021,ORL,124,GSW,120
428,Feb 19 2021,BOS,121,ATL,109
429,Feb 19 2021,PHI,112,CHI,105
430,Feb 19 2021,MEM,109,DET,95
431,Feb 19 2021,MIL,98,OKC,85
432,Feb 19 2021,NOP,114,PHO,132
433,Feb 19 2021,MIN,81,TOR,86
434,Feb 19 2021,LAC,116,UTA,112
435,Feb 20 2021,CHO,102,GSW,100
436,Feb 20 2021,LAL,94,MIA,96
437,Feb 20 2021,CHI,122,SAC,114
438,Feb 20 2021,MEM,97,PHO,128
439,Feb 20 2021,MEM,111,WAS,118
440,Feb 21 2021,NOP,120,BOS,115
441,Feb 21 2021,CLE,101,OKC,117
442,Feb 21 2021,NYK,103,MIN,99
443,Feb 21 2021,ORL,105,DET,96
444,Feb 21 2021,TOR,110,PHI,103
445,Feb 21 2021,ATL,123,DEN,115
446,Feb 21 2021,LAC,108,BRK,112
447,Feb 21 2021,MIL,128,SAC,115
448,Feb 22 2021,HOU,100,CHI,120
449,Feb 22 2021,DAL,102,MEM,92
450,Feb 22 2021,OKC,94,MIA,108
451,Feb 22 2021,PHO,132,MIA,100
452,Feb 22 2021,UTA,132,CHO,110
453,Feb 22 2021,LAL,124,WAS,127
454,Feb 23 2021,CLE,112,ATL,111
455,Feb 23 2021,ORL,93,DET,105
456,Feb 23 2021,BRK,127,SAC,118
457,Feb 23 2021,DAL,110,BOS,107
458,Feb 23 2021,NYK,106,GSW,114
459,Feb 23 2021,TOR,102,PHI,109
460,Feb 23 2021,MIL,139,MIN,112
461,Feb 23 2021,DEN,111,MIN,106
462,Feb 23 2021,LAC,135,WAS,116
463,Feb 24 2021,ATL,127,BOS,112
464,Feb 24 2021,CLE,112,HOU,96
465,Feb 24 2021,IND,107,GSW,111
466,Feb 24 2021,CHI,133,MIN,126
467,Feb 24 2021,MIA,116,TOR,108
468,Feb 24 2021,NOP,128,DET,118
469,Feb 24 2021,OKC,102,SAS,99
470,Feb 24 2021,PHO,121,CHO,124
471,Feb 24 2021,UTA,114,LAL,89
472,Feb 25 2021,PHI,111,DAL,97
473,Feb 25 2021,BRK,129,ORL,92
474,Feb 25 2021,NYK,140,SAC,121
475,Feb 25 2021,MEM,122,LAC,94
476,Feb 25 2021,DEN,110,WAS,112
477,Feb 25 2021,MIL,129,NOP,125
478,Feb 26 2021,BOS,118,IND,112
479,Feb 26 2021,TOR,122,HOU,111
480,Feb 26 2021,CHI,97,PHO,106
481,Feb 26 2021,DET,107,SAC,110
482,Feb 26 2021,MEM,99,LAC,119
483,Feb 26 2021,MIA,124,UTA,116
484,Feb 26 2021,OKC,118,ATL,109
485,Feb 26 2021,GSW,130,CHO,121
486,Feb 26 2021,LAL,102,CHO,93
487,Feb 27 2021,PHI,109,CLE,112
488,Feb 27 2021,WAS,128,MIN,112
489,Feb 27 2021,NYK,110,IND,107
490,Feb 27 2021,OKC,96,DEN,126
491,Feb 27 2021,ORL,109,UTA,124
492,Feb 27 2021,SAS,117,NOP,114
493,Feb 27 2021,BRK,98,DAL,115
494,Feb 28 2021,MIL,105,LAC,100
495,Feb 28 2021,BOS,111,WAS,110
496,Feb 28 2021,DET,90,NYK,109
497,Feb 28 2021,HOU,84,MEM,133
498,Feb 28 2021,LAL,117,GSW,91
499,Feb 28 2021,MIA,109,ATL,99
500,Feb 28 2021,MIN,99,PHO,118
501,Feb 28 2021,SAC,126,CHO,127
502,Mar 1 2021,ORL,124,DAL,130
503,Mar 1 2021,PHI,130,IND,114
504,Mar 1 2021,CHI,112,DEN,118
505,Mar 1 2021,NOP,129,UTA,124
506,Mar 1 2021,SAS,113,BRK,124
507,Mar 1 2021,HOU,90,CLE,101
508,Mar 1 2021,HOU,123,CHO,111
509,Mar 2 2021,WAS,111,MEM,125
510,Mar 2 2021,BOS,117,LAC,112
511,Mar 2 2021,MIA,80,ATL,94
512,Mar 2 2021,SAS,119,NYK,93
513,Mar 2 2021,MIL,97,DEN,128
514,Mar 2 2021,LAL,104,PHO,114
515,Mar 3 2021,CLE,111,IND,114
516,Mar 3 2021,PHI,131,UTA,123
517,Mar 3 2021,TOR,105,DET,129
518,Mar 3 2021,HOU,114,BRK,132
519,Mar 3 2021,MIN,102,CHO,135
520,Mar 3 2021,NOP,124,CHI,128
521,Mar 3 2021,ORL,112,ATL,115
522,Mar 3 2021,DAL,87,OKC,78
523,Mar 3 2021,DAL,108,GSW,106
524,Mar 3 2021,SAC,123,LAL,120
525,Mar 4 2021,BOS,132,TOR,125
526,Mar 4 2021,WAS,119,LAC,117
527,Mar 4 2021,NYK,114,DET,104
528,Mar 4 2021,IND,103,DEN,113
529,Mar 4 2021,MEM,111,MIL,112
530,Mar 4 2021,NOP,93,MIA,103
531,Mar 4 2021,SAS,102,OKC,107
532,Mar 4 2021,PHO,120,GSW,98
533,Mar 4 2021,PHO,123,SAC,119
534,Mar 10 2021,MEM,127,WAS,112
535,Mar 10 2021,DAL,115,SAS,104
536,Mar 11 2021,CHO,105,DET,102
537,Mar 11 2021,BRK,121,BOS,109
538,Mar 11 2021,TOR,120,ATL,121
539,Mar 11 2021,CHI,105,PHI,127
540,Mar 11 2021,MIA,111,ORL,103
541,Mar 11 2021,MIL,134,NYK,101
542,Mar 11 2021,NOP,105,MIN,135
543,Mar 11 2021,OKC,116,DAL,108
544,Mar 11 2021,LAC,130,GSW,104
545,Mar 11 2021,LAC,121,PHO,127
546,Mar 11 2021,SAC,125,HOU,105
547,Mar 12 2021,MEM,102,DEN,103
548,Mar 12 2021,NOP,116,CLE,82
549,Mar 12 2021,WAS,101,PHI,127
550,Mar 12 2021,CHI,90,MIA,101
551,Mar 12 2021,SAS,104,ORL,77
552,Mar 12 2021,UTA,114,HOU,99
553,Mar 12 2021,LAL,105,IND,100
554,Mar 13 2021,OKC,97,NYK,119
555,Mar 13 2021,BRK,100,DET,95
556,Mar 13 2021,CHO,114,TOR,104
557,Mar 13 2021,WAS,119,MIL,125
558,Mar 13 2021,ATL,121,SAC,106
559,Mar 13 2021,MIN,121,SAC,125
560,Mar 13 2021,DEN,103,DAL,116
561,Mar 13 2021,PHO,111,IND,122
562,Mar 14 2021,OKC,128,MEM,122
563,Mar 14 2021,GSW,131,UTA,119
564,Mar 14 2021,PHI,134,SAS,99
565,Mar 14 2021,ORL,97,MIA,102
566,Mar 14 2021,ATL,100,CLE,82
567,Mar 14 2021,HOU,107,BOS,134
568,Mar 14 2021,MIN,114,BOS,112
569,Mar 14 2021,CHI,118,TOR,95
570,Mar 14 2021,NOP,135,LAC,115
571,Mar 15 2021,CHO,122,SAC,116
572,Mar 15 2021,WAS,122,MIL,133
573,Mar 15 2021,BRK,117,NYK,112
574,Mar 15 2021,DET,99,SAS,109
575,Mar 15 2021,DAL,99,LAC,109
576,Mar 15 2021,DEN,121,IND,106
577,Mar 15 2021,PHO,122,MEM,99
578,Mar 15 2021,GSW,97,LAL,128
579,Mar 16 2021,BOS,109,UTA,117
580,Mar 16 2021,CHI,123,OKC,102
581,Mar 16 2021,HOU,107,ATL,119
582,Mar 16 2021,MIA,113,CLE,98
583,Mar 16 2021,PHI,99,NYK,96
584,Mar 16 2021,PHI,125,NOP,124
585,Mar 16 2021,LAL,137,MIN,121
586,Mar 17 2021,DET,116,TOR,112
587,Mar 17 2021,IND,115,BRK,124
588,Mar 17 2021,PHI,105,MIL,109
589,Mar 17 2021,WAS,119,SAC,121
590,Mar 17 2021,CHI,99,SAS,106
591,Mar 17 2021,CLE,117,BOS,110
592,Mar 17 2021,HOU,94,GSW,108
593,Mar 17 2021,DEN,129,CHO,104
594,Mar 17 2021,MEM,89,MIA,85
595,Mar 17 2021,DAL,105,LAC,89
596,Mar 18 2021,WAS,131,UTA,122
597,Mar 18 2021,ATL,116,OKC,93
598,Mar 18 2021,NYK,94,ORL,93
599,Mar 18 2021,PHO,119,MIN,123
600,Mar 18 2021,PHO,101,NOP,93
601,Mar 18 2021,LAL,116,CHO,105
602,Mar 19 2021,BOS,96,SAC,107
603,Mar 19 2021,CLE,110,SAS,116
604,Mar 19 2021,HOU,100,DET,113
605,Mar 19 2021,MEM,103,GSW,116
606,Mar 19 2021,MIA,110,IND,137
607,Mar 19 2021,ORL,121,BRK,113
608,Mar 19 2021,TOR,112,UTA,115
609,Mar 19 2021,DEN,131,CHI,127
610,Mar 19 2021,PHO,113,MIN,101
611,Mar 19 2021,PHO,125,DAL,119
612,Mar 20 2021,LAL,94,ATL,99
613,Mar 20 2021,MEM,111,GSW,103
614,Mar 20 2021,PHI,129,SAC,105
615,Mar 20 2021,MIL,120,SAS,113
616,Mar 20 2021,LAC,125,CHO,98
617,Mar 21 2021,MIA,106,IND,109
618,Mar 21 2021,HOU,112,OKC,114
619,Mar 21 2021,DEN,108,NOP,113
620,Mar 21 2021,BOS,112,ORL,96
621,Mar 21 2021,BRK,113,WAS,106
622,Mar 21 2021,CLE,116,TOR,105
623,Mar 21 2021,DET,86,CHI,100
624,Mar 21 2021,NYK,100,PHI,101
625,Mar 21 2021,PHO,111,LAL,94
626,Mar 21 2021,PHO,92,DAL,132
627,Mar 22 2021,CLE,105,SAC,119
628,Mar 22 2021,MIN,103,OKC,112
629,Mar 22 2021,SAS,97,CHO,100
630,Mar 22 2021,CHI,95,UTA,120
631,Mar 22 2021,HOU,117,TOR,99
632,Mar 22 2021,MEM,132,BOS,126
633,Mar 22 2021,MIL,140,IND,113
634,Mar 22 2021,LAC,119,ATL,110
635,Mar 23 2021,ORL,99,DEN,110
636,Mar 23 2021,NOP,128,LAL,111
637,Mar 23 2021,NYK,131,WAS,113
638,Mar 23 2021,MIA,100,PHO,110
639,Mar 23 2021,GSW,98,PHI,108
640,Mar 23 2021,GSW,112,BRK,116
641,Mar 24 2021,IND,116,DET,111
642,Mar 24 2021,MIL,121,BOS,119
643,Mar 24 2021,TOR,135,DEN,111
644,Mar 24 2021,CHI,94,CLE,103
645,Mar 24 2021,HOU,97,CHO,122
646,Mar 24 2021,MIN,108,DAL,128
647,Mar 24 2021,OKC,107,MEM,116
648,Mar 24 2021,ORL,112,PHO,111
649,Mar 24 2021,SAS,101,LAC,134
650,Mar 24 2021,SAC,110,ATL,108
651,Mar 24 2021,UTA,118,BRK,88
652,Mar 25 2021,MIA,122,BRK,125
653,Mar 25 2021,NYK,106,WAS,102
654,Mar 25 2021,SAS,85,LAC,98
655,Mar 25 2021,LAL,101,PHI,109
656,Mar 25 2021,SAC,141,GSW,119
657,Mar 26 2021,DET,111,BRK,113
658,Mar 26 2021,MIL,114,BOS,122
659,Mar 26 2021,TOR,100,PHO,104
660,Mar 26 2021,CHO,110,MIA,105
661,Mar 26 2021,MIN,107,HOU,101
662,Mar 26 2021,NOP,108,DEN,113
663,Mar 26 2021,ORL,105,DEN,112
664,Mar 26 2021,DAL,94,IND,109
665,Mar 26 2021,UTA,117,MEM,114
666,Mar 26 2021,GSW,108,ATL,124
667,Mar 26 2021,LAL,100,CLE,86
668,Mar 27 2021,MIL,96,NYK,102
669,Mar 27 2021,MIN,107,HOU,129
670,Mar 27 2021,WAS,106,DET,92
671,Mar 27 2021,SAS,120,CHI,104
672,Mar 27 2021,NOP,112,DAL,103
673,Mar 27 2021,OKC,94,BOS,111
674,Mar 27 2021,UTA,126,MEM,110
675,Mar 27 2021,LAC,122,PHI,112
676,Mar 27 2021,SAC,100,CLE,98
677,Mar 28 2021,CHO,97,PHO,101
678,Mar 28 2021,TOR,117,PHO,122
679,Mar 28 2021,DEN,126,ATL,102
680,Mar 28 2021,LAL,96,ORL,93
681,Mar 29 2021,WAS,132,IND,124
682,Mar 29 2021,BOS,109,NOP,115
683,Mar 29 2021,BRK,112,MIN,107
684,Mar 29 2021,NYK,88,MIA,98
685,Mar 29 2021,DET,118,TOR,104
686,Mar 29 2021,HOU,110,MEM,120
687,Mar 29 2021,OKC,106,DAL,127
688,Mar 29 2021,SAS,115,SAC,132
689,Mar 29 2021,UTA,114,CLE,75
690,Mar 29 2021,GSW,116,CHI,102
691,Mar 29 2021,LAC,129,MIL,105
692,Mar 30 2021,WAS,104,CHO,114
693,Mar 30 2021,DEN,104,PHI,95
694,Mar 30 2021,LAC,96,ORL,103
695,Mar 30 2021,PHO,117,ATL,110
696,Mar 31 2021,DET,101,ATL,124
697,Mar 31 2021,IND,87,MIA,92
698,Mar 31 2021,BOS,108,DAL,113
699,Mar 31 2021,BRK,120,HOU,108
700,Mar 31 2021,MEM,107,UTA,111
701,Mar 31 2021,MIN,102,NYK,101
702,Mar 31 2021,OKC,113,TOR,103
703,Mar 31 2021,SAS,120,SAC,106
704,Mar 31 2021,LAL,97,MIL,112
705,Mar 31 2021,PHO,121,CHI,116
706,Apr 1 2021,CLE,94,PHI,114
707,Apr 1 2021,DET,120,WAS,91
708,Apr 1 2021,BRK,111,CHO,89
709,Apr 1 2021,MIA,116,GSW,109
710,Apr 1 2021,NOP,110,ORL,115
711,Apr 1 2021,SAS,129,ATL,134
712,Apr 1 2021,LAC,94,DEN,101
713,Apr 2 2021,TOR,130,GSW,77
714,Apr 2 2021,BOS,118,HOU,102
715,Apr 2 2021,NYK,86,DAL,99
716,Apr 2 2021,IND,97,CHO,114
717,Apr 2 2021,MEM,120,MIN,108
718,Apr 2 2021,NOP,103,ATL,126
719,Apr 2 2021,UTA,113,CHI,106
720,Apr 2 2021,PHO,140,OKC,103
721,Apr 2 2021,PHO,109,MIL,127
722,Apr 2 2021,SAC,94,LAL,115
723,Apr 3 2021,WAS,87,DAL,109
724,Apr 3 2021,DET,81,NYK,125
725,Apr 3 2021,MIA,115,CLE,101
726,Apr 3 2021,PHI,122,MIN,113
727,Apr 3 2021,SAS,133,IND,139
728,Apr 3 2021,UTA,137,ORL,91
729,Apr 3 2021,UTA,133,OKC,85
730,Apr 3 2021,SAC,128,MIL,129
731,Apr 4 2021,CHI,115,BRK,107
732,Apr 4 2021,LAC,104,LAL,86
733,Apr 4 2021,BOS,116,CHO,86
734,Apr 4 2021,PHI,100,MEM,116
735,Apr 4 2021,ATL,117,GSW,111
736,Apr 4 2021,HOU,115,NOP,122
737,Apr 4 2021,DEN,119,ORL,109
738,Apr 5 2021,BRK,114,NYK,112
739,Apr 5 2021,DAL,111,UTA,103
740,Apr 5 2021,MIN,116,SAC,106
741,Apr 5 2021,OKC,108,DET,132
742,Apr 5 2021,SAS,101,CLE,125
743,Apr 5 2021,TOR,103,WAS,101
744,Apr 5 2021,HOU,130,PHO,133
745,Apr 6 2021,IND,97,CHI,113
746,Apr 6 2021,ATL,123,NOP,107
747,Apr 6 2021,BOS,96,PHI,106
748,Apr 6 2021,TOR,101,LAL,110
749,Apr 6 2021,MIA,112,MEM,124
750,Apr 6 2021,DEN,134,DET,119
751,Apr 6 2021,GSW,122,MIL,121
752,Apr 6 2021,LAC,133,MIL,116
753,Apr 7 2021,IND,141,MIN,137
754,Apr 7 2021,ORL,116,WAS,131
755,Apr 7 2021,BOS,101,NYK,99
756,Apr 7 2021,BRK,139,NOP,111
757,Apr 7 2021,ATL,113,MEM,131
758,Apr 7 2021,HOU,102,DAL,93
759,Apr 7 2021,OKC,102,CHO,113
760,Apr 7 2021,DEN,106,SAS,96
761,Apr 7 2021,PHO,117,UTA,113
762,Apr 8 2021,MIA,110,LAL,104
763,Apr 8 2021,TOR,113,CHI,122
764,Apr 8 2021,OKC,102,CLE,129
765,Apr 8 2021,DAL,116,MIL,101
766,Apr 8 2021,LAC,113,PHO,103
767,Apr 8 2021,SAC,101,DET,113
768,Apr 8 2021,UTA,122,DET,103
769,Apr 9 2021,ORL,106,IND,111
770,Apr 9 2021,BOS,145,MIN,136
771,Apr 9 2021,NYK,133,MEM,129
772,Apr 9 2021,ATL,120,CHI,108
773,Apr 9 2021,NOP,101,PHI,94
774,Apr 9 2021,DEN,121,SAS,119
775,Apr 9 2021,MIL,119,CHO,127
776,Apr 9 2021,GSW,107,WAS,110
777,Apr 9 2021,LAC,126,HOU,109
778,Apr 10 2021,CLE,115,TOR,135
779,Apr 10 2021,BRK,101,LAL,126
780,Apr 10 2021,OKC,93,PHI,117
781,Apr 10 2021,UTA,128,SAC,112
782,Apr 10 2021,GSW,125,HOU,109
783,Apr 10 2021,PHO,134,WAS,106
784,Apr 10 2021,PHO,118,DET,103
785,Apr 11 2021,CHO,101,ATL,105
786,Apr 11 2021,DEN,87,BOS,105
787,Apr 11 2021,CLE,109,NOP,116
788,Apr 11 2021,ORL,87,MIL,124
789,Apr 11 2021,DAL,117,SAS,119
790,Apr 11 2021,MEM,125,IND,132
791,Apr 11 2021,MIN,121,CHI,117
792,Apr 11 2021,NYK,102,TOR,96
793,Apr 11 2021,LAC,131,DET,124
794,Apr 11 2021,LAC,98,MIA,107
795,Apr 12 2021,DAL,95,PHI,113
796,Apr 12 2021,NYK,111,LAL,96
797,Apr 12 2021,ORL,97,SAS,120
798,Apr 12 2021,MEM,101,CHI,90
799,Apr 12 2021,NOP,117,SAC,110
800,Apr 12 2021,UTA,121,WAS,125
801,Apr 12 2021,GSW,116,DEN,107
802,Apr 12 2021,PHO,126,HOU,120
803,Apr 13 2021,MIN,97,BRK,127
804,Apr 13 2021,IND,115,LAC,126
805,Apr 13 2021,TOR,103,ATL,108
806,Apr 13 2021,CHO,93,LAL,101
807,Apr 13 2021,UTA,106,OKC,96
808,Apr 13 2021,PHO,106,MIA,86
809,Apr 13 2021,PHO,115,BOS,116
810,Apr 14 2021,MIN,105,MIL,130
811,Apr 14 2021,CHO,90,CLE,103
812,Apr 14 2021,PHI,123,BRK,117
813,Apr 14 2021,TOR,117,SAS,112
814,Apr 14 2021,CHI,106,ORL,115
815,Apr 14 2021,DET,98,LAC,100
816,Apr 14 2021,NOP,106,NYK,116
817,Apr 14 2021,HOU,124,IND,132
818,Apr 14 2021,OKC,109,GSW,147
819,Apr 14 2021,MEM,113,DAL,114
820,Apr 14 2021,DEN,123,MIA,106
821,Apr 14 2021,SAC,111,WAS,123
822,Apr 15 2021,ATL,109,MIL,120
823,Apr 15 2021,CLE,101,GSW,119
824,Apr 15 2021,LAL,113,BOS,121
825,Apr 15 2021,PHO,122,SAC,114
826,Apr 16 2021,UTA,119,IND,111
827,Apr 16 2021,DET,110,OKC,104
828,Apr 16 2021,PHI,106,LAC,103
829,Apr 16 2021,WAS,117,NOP,115
830,Apr 16 2021,BRK,130,CHO,115
831,Apr 16 2021,TOR,113,ORL,102
832,Apr 16 2021,CHI,115,MEM,126
833,Apr 16 2021,HOU,99,DEN,128
834,Apr 16 2021,MIN,119,MIA,111
835,Apr 16 2021,SAS,106,MIA,107
836,Apr 16 2021,DAL,109,NYK,117
837,Apr 17 2021,LAL,127,UTA,115
838,Apr 17 2021,CHI,106,CLE,96
839,Apr 17 2021,WAS,121,DET,100
840,Apr 17 2021,BOS,119,GSW,114
841,Apr 17 2021,MIL,115,MEM,128
842,Apr 17 2021,PHO,85,SAS,111
843,Apr 18 2021,ATL,129,IND,117
844,Apr 18 2021,NYK,122,NOP,112
845,Apr 18 2021,MIA,109,BRK,107
846,Apr 18 2021,CHO,109,BRK,101
847,Apr 18 2021,ORL,110,HOU,114
848,Apr 18 2021,TOR,112,OKC,106
849,Apr 18 2021,DAL,107,SAC,121
850,Apr 18 2021,LAC,124,MIN,105
851,Apr 19 2021,DET,109,CLE,105
852,Apr 19 2021,BOS,96,CHI,102
853,Apr 19 2021,PHI,96,GSW,107
854,Apr 19 2021,IND,94,SAS,109
855,Apr 19 2021,MIA,113,HOU,91
856,Apr 19 2021,MIL,127,PHO,128
857,Apr 19 2021,WAS,119,OKC,107
858,Apr 19 2021,DEN,139,MEM,137
859,Apr 19 2021,LAL,97,UTA,111
860,Apr 20 2021,ATL,112,ORL,96
861,Apr 20 2021,NOP,129,BRK,134
862,Apr 20 2021,NYK,109,CHO,97
863,Apr 20 2021,NYK,112,LAC,113
864,Apr 20 2021,SAC,120,MIN,134
865,Apr 21 2021,CLE,121,CHI,105
866,Apr 21 2021,IND,122,OKC,116
867,Apr 21 2021,PHI,113,PHO,116
868,Apr 21 2021,TOR,114,BRK,103
869,Apr 21 2021,WAS,118,GSW,114
870,Apr 21 2021,HOU,89,UTA,112
871,Apr 21 2021,NYK,137,ATL,127
872,Apr 21 2021,DAL,127,DET,117
873,Apr 21 2021,SAS,87,MIA,107
874,Apr 21 2021,LAC,117,MEM,105
875,Apr 21 2021,LAC,105,DEN,106
876,Apr 21 2021,SAC,128,MIN,125
877,Apr 22 2021,BOS,99,PHO,86
878,Apr 22 2021,MIL,124,PHI,117
879,Apr 22 2021,ORL,100,NOP,135
880,Apr 22 2021,SAS,106,DET,91
881,Apr 22 2021,CHI,108,CHO,91
882,Apr 22 2021,DAL,115,LAL,110
883,Apr 23 2021,ATL,118,MIA,103
884,Apr 23 2021,BRK,109,BOS,104
885,Apr 23 2021,CHO,108,CLE,102
886,Apr 23 2021,HOU,104,LAC,109
887,Apr 23 2021,OKC,109,WAS,129
888,Apr 23 2021,GSW,118,DEN,97
889,Apr 23 2021,GSW,128,MEM,130
890,Apr 24 2021,NYK,120,TOR,103
891,Apr 24 2021,MIL,132,PHI,94
892,Apr 24 2021,IND,115,DET,109
893,Apr 24 2021,MIA,106,CHI,101
894,Apr 24 2021,NOP,108,SAS,110
895,Apr 24 2021,DAL,108,LAL,93
896,Apr 24 2021,UTA,96,MIN,101
897,Apr 24 2021,DEN,129,HOU,116
898,Apr 25 2021,CHO,125,BOS,104
899,Apr 25 2021,BRK,128,PHO,119
900,Apr 25 2021,BRK,113,MEM,120
901,Apr 25 2021,WAS,119,CLE,110
902,Apr 25 2021,ATL,111,MIL,104
903,Apr 25 2021,ORL,112,IND,131
904,Apr 25 2021,GSW,117,SAC,113
905,Apr 26 2021,DET,100,ATL,86
906,Apr 26 2021,ORL,103,LAL,114
907,Apr 26 2021,PHI,121,OKC,90
908,Apr 26 2021,WAS,143,SAS,146
909,Apr 26 2021,NYK,110,PHO,118
910,Apr 26 2021,TOR,112,CLE,96
911,Apr 26 2021,MIA,102,CHI,110
912,Apr 26 2021,MIN,105,UTA,104
913,Apr 26 2021,NOP,120,LAC,103
914,Apr 26 2021,DEN,120,MEM,96
915,Apr 26 2021,SAC,113,DAL,106
916,Apr 27 2021,BOS,115,OKC,119
917,Apr 27 2021,CHO,104,MIL,114
918,Apr 27 2021,IND,112,MIL,133
919,Apr 27 2021,TOR,103,BRK,116
920,Apr 27 2021,HOU,107,MIN,114
921,Apr 27 2021,GSW,103,DAL,133
922,Apr 28 2021,CLE,104,ORL,109
923,Apr 28 2021,PHI,127,ATL,83
924,Apr 28 2021,BOS,120,CHO,111
925,Apr 28 2021,NYK,113,CHI,94
926,Apr 28 2021,WAS,116,LAL,107
927,Apr 28 2021,MIA,116,SAS,111
928,Apr 28 2021,DEN,114,NOP,112
929,Apr 28 2021,MEM,109,NOP,130
930,Apr 28 2021,PHO,109,LAC,101
931,Apr 28 2021,SAC,105,UTA,154
932,Apr 29 2021,DET,105,DAL,115
933,Apr 29 2021,IND,113,BRK,130
934,Apr 29 2021,HOU,143,MIL,136
935,Apr 29 2021,MIN,126,GSW,114
936,Apr 29 2021,DEN,121,TOR,111
937,Apr 29 2021,OKC,95,NOP,109
938,Apr 30 2021,PHI,126,ATL,104
939,Apr 30 2021,BOS,143,SAS,140
940,Apr 30 2021,CLE,93,WAS,122
941,Apr 30 2021,BRK,109,WAS,128
942,Apr 30 2021,MEM,92,ORL,75
943,Apr 30 2021,CHI,98,MIL,108
944,Apr 30 2021,PHO,121,UTA,100
945,Apr 30 2021,LAL,106,SAC,110
946,May 1 2021,CHO,107,DET,94
947,May 1 2021,HOU,87,GSW,113
948,May 1 2021,ATL,108,CHI,97
949,May 1 2021,CLE,107,MIA,124
950,May 1 2021,MIN,136,NOP,140
951,May 1 2021,OKC,95,IND,152
952,May 1 2021,ORL,112,MEM,111
953,May 1 2021,DAL,125,WAS,124
954,May 1 2021,LAC,104,DEN,110
955,May 1 2021,UTA,106,TOR,102
956,May 2 2021,MIL,117,BRK,114
957,May 2 2021,BOS,119,BRK,129
958,May 2 2021,CHO,111,MIA,121
959,May 2 2021,DAL,99,SAC,111
960,May 2 2021,HOU,97,NYK,122
961,May 2 2021,OKC,120,PHO,123
962,May 2 2021,SAS,111,PHI,113
963,May 2 2021,LAL,114,TOR,121
964,May 3 2021,DET,112,ORL,119
965,May 3 2021,WAS,154,IND,141
966,May 3 2021,NOP,108,GSW,123
967,May 3 2021,ATL,123,GSW,114
968,May 3 2021,CHI,94,PHI,106
969,May 3 2021,MEM,104,NYK,118
970,May 3 2021,LAL,93,DEN,89
971,May 3 2021,UTA,110,SAS,99
972,May 4 2021,CLE,118,PHO,134
973,May 4 2021,DET,99,CHO,102
974,May 4 2021,MIL,124,BRK,118
975,May 4 2021,MIA,113,DAL,127
976,May 4 2021,NOP,108,GSW,103
977,May 4 2021,OKC,99,SAC,103
978,May 4 2021,LAC,105,TOR,100
979,May 5 2021,ORL,96,BOS,132
980,May 5 2021,CLE,105,BOS,141
981,May 5 2021,ATL,135,PHO,103
982,May 5 2021,HOU,115,PHI,135
983,May 5 2021,IND,93,SAC,104
984,May 5 2021,MIL,135,WAS,134
985,May 5 2021,MIN,135,MEM,139
986,May 5 2021,DEN,113,NYK,97
987,May 5 2021,UTA,126,SAS,94
988,May 6 2021,CHO,99,CHI,120
989,May 6 2021,DAL,113,BRK,109
990,May 6 2021,TOR,129,WAS,131
991,May 6 2021,DET,111,MEM,97
992,May 6 2021,IND,133,ATL,126
993,May 6 2021,GSW,118,OKC,97
994,May 6 2021,LAC,118,LAL,94
995,May 7 2021,PHI,109,NOP,107
996,May 7 2021,CHI,121,BOS,99
997,May 7 2021,CHO,122,ORL,112
998,May 7 2021,MIA,121,MIN,112
999,May 7 2021,MIL,141,HOU,133
1000,May 7 2021,DAL,110,CLE,90
1001,May 7 2021,UTA,127,DEN,120
1002,May 7 2021,PHO,128,NYK,105
1003,May 7 2021,PHO,106,LAL,101
1004,May 7 2021,SAC,104,SAS,113
1005,May 8 2021,IND,132,WAS,133
1006,May 8 2021,PHI,118,DET,104
1007,May 8 2021,TOR,99,MEM,109
1008,May 8 2021,DEN,119,BRK,125
1009,May 8 2021,GSW,136,OKC,97
1010,May 8 2021,GSW,124,SAS,102
1011,May 8 2021,UTA,124,HOU,116
1012,May 9 2021,BOS,124,MIA,130
1013,May 9 2021,LAC,100,NYK,106
1014,May 9 2021,CHO,110,NOP,112
1015,May 9 2021,CLE,97,DAL,124
1016,May 9 2021,ORL,96,MIN,128
1017,May 9 2021,DET,96,CHI,108
1018,May 9 2021,LAL,123,PHO,110
1019,May 9 2021,SAC,126,OKC,98
1020,May 10 2021,ATL,125,WAS,124
1021,May 10 2021,CLE,102,IND,111
1022,May 10 2021,MEM,115,NOP,110
1023,May 10 2021,SAS,146,MIL,125
1024,May 10 2021,GSW,119,UTA,116
1025,May 10 2021,GSW,140,HOU,129
1026,May 11 2021,CHO,112,DEN,117
1027,May 11 2021,DET,100,MIN,119
1028,May 11 2021,BOS,121,MIA,129
1029,May 11 2021,TOR,96,LAC,115
1030,May 11 2021,CHI,107,BRK,115
1031,May 11 2021,IND,103,PHI,94
1032,May 11 2021,MEM,133,DAL,104
1033,May 11 2021,MIL,114,ORL,102
1034,May 11 2021,GSW,122,PHO,116
1035,May 11 2021,LAL,101,NYK,99
1036,May 11 2021,SAC,122,OKC,106
1037,May 12 2021,ATL,120,WAS,116
1038,May 12 2021,BRK,128,SAS,116
1039,May 12 2021,CLE,102,BOS,94
1040,May 12 2021,DAL,125,NOP,107
1041,May 12 2021,UTA,98,NOP,105
1042,May 12 2021,LAL,124,HOU,122
1043,May 13 2021,CHO,90,LAC,113
1044,May 13 2021,IND,133,MIL,142
1045,May 13 2021,ATL,116,ORL,93
1046,May 13 2021,MIA,106,PHI,94
1047,May 13 2021,NYK,102,SAS,98
1048,May 13 2021,CHI,114,TOR,102
1049,May 13 2021,MEM,116,SAC,110
1050,May 13 2021,MIN,103,DEN,114
1051,May 13 2021,PHO,118,DEN,117
1052,May 14 2021,WAS,120,CLE,105
1053,May 14 2021,DET,91,DEN,104
1054,May 14 2021,OKC,93,UTA,109
1055,May 14 2021,PHI,122,ORL,97
1056,May 14 2021,DAL,114,TOR,110
1057,May 14 2021,HOU,122,LAC,115
1058,May 14 2021,MEM,107,SAC,106
1059,May 14 2021,GSW,125,NOP,122
1060,May 15 2021,BRK,105,CHI,91
1061,May 15 2021,IND,115,LAL,122
1062,May 15 2021,NYK,118,CHO,109
1063,May 15 2021,MIN,108,BOS,124
1064,May 15 2021,SAS,103,PHO,140
1065,May 15 2021,MIL,122,MIA,108
1066,May 16 2021,NYK,96,BOS,92
1067,May 16 2021,TOR,113,IND,125
1068,May 16 2021,WAS,115,CHO,110
1069,May 16 2021,SAS,121,PHO,123
1070,May 16 2021,GSW,113,MEM,101
1071,May 16 2021,ATL,124,HOU,95
1072,May 16 2021,BRK,123,CLE,109
1073,May 16 2021,PHI,128,ORL,117
1074,May 16 2021,DET,107,MIA,120
1075,May 16 2021,CHI,118,MIL,112
1076,May 16 2021,MIN,136,DAL,121
1077,May 16 2021,NOP,98,LAL,110
1078,May 16 2021,OKC,117,LAC,112
1079,May 16 2021,OKC,132,DEN,116
1080,May 16 2021,SAC,99,UTA,121
1081,May 18 2021,IND,144,CHO,117
1082,May 18 2021,BOS,118,WAS,100
1083,May 19 2021,MEM,100,SAS,96
1084,May 19 2021,LAL,103,GSW,100
1085,May 20 2021,WAS,142,IND,115
1086,May 21 2021,GSW,112,MEM,117
1087,May 22 2021,MIL,109,MIA,107
1088,May 22 2021,LAC,103,DAL,113
1089,May 22 2021,BRK,104,BOS,93
1090,May 22 2021,DEN,109,BOS,123
1091,May 23 2021,PHI,125,WAS,118
1092,May 23 2021,PHO,99,LAL,90
1093,May 23 2021,NYK,105,ATL,107
1094,May 23 2021,UTA,109,MEM,112
1095,May 24 2021,MIL,132,MIA,98
1096,May 24 2021,DEN,128,MIA,109
1097,May 25 2021,BRK,130,BOS,108
1098,May 25 2021,PHO,102,LAL,109
1099,May 25 2021,LAC,121,DAL,127
1100,May 26 2021,PHI,120,WAS,95
1101,May 26 2021,NYK,101,ATL,92
1102,May 26 2021,UTA,141,MEM,129
1103,May 27 2021,MIA,84,MIL,113
1104,May 27 2021,LAL,109,PHO,95
1105,May 27 2021,LAL,115,DEN,120
1106,May 28 2021,ATL,105,NYK,94
1107,May 28 2021,BOS,125,BRK,119
1108,May 28 2021,DAL,108,LAC,118
1109,May 29 2021,MIA,103,MIL,120
1110,May 29 2021,MIA,115,DEN,95
1111,May 29 2021,WAS,103,PHI,132
1112,May 29 2021,MEM,111,UTA,121
1113,May 30 2021,ATL,113,NYK,96
1114,May 30 2021,LAL,92,PHO,100
1115,May 30 2021,BOS,126,BRK,141
1116,May 30 2021,DAL,81,LAC,106
1117,May 31 2021,WAS,122,PHI,114
1118,May 31 2021,MEM,113,UTA,120
1119,Jun 1 2021,BRK,123,BOS,109
1120,Jun 1 2021,DEN,147,BOS,140
1121,Jun 1 2021,PHO,115,LAL,85
1122,Jun 2 2021,PHI,129,WAS,112
1123,Jun 2 2021,NYK,89,ATL,103
1124,Jun 2 2021,UTA,126,MEM,110
1125,Jun 2 2021,LAC,100,DAL,105
1126,Jun 3 2021,LAC,115,DEN,126
1127,Jun 3 2021,LAL,100,PHO,113
1128,Jun 4 2021,DAL,97,LAC,104
1129,Jun 5 2021,BRK,115,MIL,107
1130,Jun 6 2021,PHI,124,ATL,128
1131,Jun 6 2021,LAC,126,DAL,111
1132,Jun 7 2021,BRK,125,MIL,86
1133,Jun 7 2021,PHO,122,DEN,105
1134,Jun 8 2021,PHI,118,ATL,102
1135,Jun 8 2021,UTA,112,LAC,109
1136,Jun 9 2021,PHO,123,DEN,98
1137,Jun 10 2021,MIL,86,BRK,83
1138,Jun 10 2021,UTA,117,LAC,111
1139,Jun 11 2021,ATL,111,PHI,127
1140,Jun 11 2021,DEN,102,PHO,116
1141,Jun 12 2021,LAC,132,UTA,106
1142,Jun 13 2021,MIL,107,BRK,96
1143,Jun 13 2021,DEN,118,PHO,125
1144,Jun 14 2021,ATL,103,PHI,100
1145,Jun 14 2021,LAC,118,UTA,104
1146,Jun 15 2021,BRK,114,MIL,108
1147,Jun 16 2021,PHI,106,ATL,109
1148,Jun 16 2021,UTA,111,LAC,119
1149,Jun 17 2021,MIL,104,BRK,89
1150,Jun 18 2021,ATL,99,PHI,104
1151,Jun 18 2021,LAC,131,UTA,119
1152,Jun 19 2021,BRK,111,MIL,115
1153,Jun 20 2021,PHO,120,LAC,114
1154,Jun 20 2021,PHI,96,ATL,103
1155,Jun 22 2021,PHO,104,LAC,103
1156,Jun 23 2021,MIL,113,ATL,116
1157,Jun 24 2021,LAC,106,PHO,92
1158,Jun 25 2021,MIL,125,ATL,91
1159,Jun 26 2021,LAC,80,PHO,84
1160,Jun 27 2021,ATL,102,MIL,113
1161,Jun 28 2021,PHO,102,LAC,116
1162,Jun 29 2021,ATL,110,MIL,88
1163,Jun 30 2021,LAC,103,PHO,130
1164,Jul 1 2021,MIL,123,ATL,112
1165,Jul 3 2021,ATL,107,MIL,118
1166,Jul 6 2021,PHO,118,MIL,105
1167,Jul 8 2021,PHO,118,MIL,108
1168,Jul 11 2021,MIL,120,PHO,100
1169,Jul 14 2021,MIL,109,PHO,103
1170,Jul 17 2021,PHO,119,MIL,123
1171,Jul 20 2021,MIL,105,PHO,98
